{"initial_reset_timestamp": 1651443586.244357, "timestamps": [1651443589.6234715, 1651443593.01032, 1651443593.0710375, 1651443593.0938432, 1651443593.1178436, 1651443593.1408448, 1651443593.1648443, 1651443593.1878436, 1651443596.546494, 1651443596.6075056, 1651443596.6305053, 1651443596.6545057, 1651443596.6785054, 1651443596.701506, 1651443596.7255068, 1651443596.7485065, 1651443596.7725053, 1651443596.796506, 1651443596.819506, 1651443596.8435056, 1651443596.8665054, 1651443596.8905058, 1651443596.9135056, 1651443596.9365053, 1651443596.960506, 1651443596.9835055, 1651443597.0075057, 1651443600.3663516, 1651443600.4282076, 1651443600.4522076, 1651443600.4752083, 1651443600.4992075, 1651443600.5222075, 1651443600.546209, 1651443600.5692072, 1651443600.5932074, 1651443600.6162071, 1651443600.6402075, 1651443600.6632078, 1651443600.6872075, 1651443600.7102077, 1651443600.7342072, 1651443600.7572076, 1651443600.7812073, 1651443600.8042073, 1651443600.8282068, 1651443600.8512075, 1651443600.8752077, 1651443600.8982072, 1651443600.9222066, 1651443600.9482071, 1651443600.971207, 1651443600.994207, 1651443601.0172074, 1651443601.0402071, 1651443601.0642073, 1651443601.0872073, 1651443601.1102073, 1651443601.1332073, 1651443601.1562073, 1651443601.179207, 1651443601.2022076, 1651443601.2252076, 1651443601.2482061, 1651443604.6027088, 1651443604.6645365, 1651443604.6875365, 1651443604.7115364, 1651443604.7345366, 1651443604.758536, 1651443604.7815366, 1651443604.805537, 1651443604.8285363, 1651443604.8525372, 1651443604.8755367, 1651443604.8985362, 1651443604.9225361, 1651443604.9455369, 1651443604.9695363, 1651443604.9925365, 1651443605.0165362, 1651443605.0395365, 1651443605.0635364, 1651443605.0865362, 1651443605.110536, 1651443605.1335368, 1651443605.1575365, 1651443605.1805363, 1651443605.203536, 1651443605.227536, 1651443605.2515364, 1651443605.2745361, 1651443605.2985365, 1651443605.3215368, 1651443605.3445363, 1651443605.3675365, 1651443605.3905363, 1651443605.412536, 1651443605.4355366, 1651443605.4585357], "episode_lengths": [200, 200, 200, 200, 200, 200, 200, 200, 200, 200, 200, 200, 200, 200, 200, 200, 200, 200, 200, 200, 200, 200, 200, 200, 200, 200, 200, 200, 200, 200, 200, 200, 200, 200, 200, 200, 200, 200, 200, 200, 200, 200, 200, 200, 200, 200, 200, 200, 200, 200, 200, 200, 200, 200, 200, 200, 200, 200, 200, 200, 200, 200, 200, 200, 200, 200, 200, 200, 200, 200, 200, 200, 200, 200, 200, 200, 200, 200, 200, 200, 200, 200, 200, 200, 200, 200, 200, 200, 200, 200, 200, 200, 200, 200, 200, 200, 200, 200, 200, 200], "episode_rewards": [200.0, 200.0, 200.0, 200.0, 200.0, 200.0, 200.0, 200.0, 200.0, 200.0, 200.0, 200.0, 200.0, 200.0, 200.0, 200.0, 200.0, 200.0, 200.0, 200.0, 200.0, 200.0, 200.0, 200.0, 200.0, 200.0, 200.0, 200.0, 200.0, 200.0, 200.0, 200.0, 200.0, 200.0, 200.0, 200.0, 200.0, 200.0, 200.0, 200.0, 200.0, 200.0, 200.0, 200.0, 200.0, 200.0, 200.0, 200.0, 200.0, 200.0, 200.0, 200.0, 200.0, 200.0, 200.0, 200.0, 200.0, 200.0, 200.0, 200.0, 200.0, 200.0, 200.0, 200.0, 200.0, 200.0, 200.0, 200.0, 200.0, 200.0, 200.0, 200.0, 200.0, 200.0, 200.0, 200.0, 200.0, 200.0, 200.0, 200.0, 200.0, 200.0, 200.0, 200.0, 200.0, 200.0, 200.0, 200.0, 200.0, 200.0, 200.0, 200.0, 200.0, 200.0, 200.0, 200.0, 200.0, 200.0, 200.0, 200.0], "episode_types": ["t", "t", "t", "t", "t", "t", "t", "t", "t", "t", "t", "t", "t", "t", "t", "t", "t", "t", "t", "t", "t", "t", "t", "t", "t", "t", "t", "t", "t", "t", "t", "t", "t", "t", "t", "t", "t", "t", "t", "t", "t", "t", "t", "t", "t", "t", "t", "t", "t", "t", "t", "t", "t", "t", "t", "t", "t", "t", "t", "t", "t", "t", "t", "t", "t", "t", "t", "t", "t", "t", "t", "t", "t", "t", "t", "t", "t", "t", "t", "t", "t", "t", "t", "t", "t", "t", "t", "t", "t", "t", "t", "t", "t", "t", "t", "t", "t", "t", "t", "t"]}